tag,dataset,epoch,loss_mean,loss_std,loss_n,grad_norm_mean,grad_norm_std,grad_norm_n,cos_sim_ref_mean,cos_sim_ref_std,cos_sim_ref_n,cos_sim_global_mean,cos_sim_global_std,cos_sim_global_n,update_contrib_mean,update_contrib_std,update_contrib_n,tokens_mean,tokens_std,tokens_n
extra10,clean,0,1.366207010595411,0.9130890536960359,14611,3.5132345406004695,6.043744819729275,14611,0.0018392319597616527,0.050564895805641365,14611,0.01142103870497074,0.05563761314211225,13697,0.1787864502224598,0.4976307411247897,14611,80.64608856341113,109.68711425600495,14611
extra10,clean,1,1.1269205870520753,0.8284949968668962,14611,3.4797850442318494,3.2089524473439663,14611,-0.0006656447865673799,0.006179079445556399,14611,0.003741298604021092,0.0258264981632691,13697,0.1671371388824608,0.15201093267706142,14611,80.64608856341113,109.68711425600495,14611
extra10,clean,2,0.8614229980638896,0.7650552484011539,14611,4.070069375984132,3.524815766106131,14611,-0.00041034720178092946,0.004620239412104812,14611,0.002290562941936591,0.020232795086535964,13697,0.19400606970492917,0.16881266165840364,14611,80.64608856341113,109.68711425600495,14611
extra10,clean,3,0.6423715208655808,0.6977908099077236,14611,4.094784063684906,3.6315690409582997,14611,-0.000557305148476625,0.004389378825044791,14611,0.001801875562211475,0.015941824270538692,13697,0.18856431334387067,0.1677475228313076,14611,80.64608856341113,109.68711425600495,14611
extra10,clean,4,0.5138228697535507,0.6541535738600973,14611,3.643752426746673,3.7334851984864588,14611,-0.000410876097370431,0.004035436083177837,14611,0.0017627297692174436,0.012781034087831057,13697,0.17060700741260845,0.17603764221869528,14611,80.64608856341113,109.68711425600495,14611
extra10,mixed,0,1.4537729636794334,1.0620851267450175,14819,3.6724296520593334,6.123824924847131,14819,0.0013925922866514714,0.04796014474353568,14819,0.012347689117859682,0.05614706113664732,13892,0.18623622772068837,0.453766303073555,14819,80.12902355084688,110.56889214439975,14819
extra10,mixed,1,1.1842424438455341,0.9258886626963455,14819,3.626838740383769,3.389575926599681,14819,-0.0008123408225508252,0.005990843196595574,14819,0.004581563718140106,0.027770371581948127,13892,0.16593394165850783,0.1566876583187331,14819,80.12902355084688,110.56889214439975,14819
extra10,mixed,2,0.896840927080548,0.8414013185621335,14819,4.298307386867087,3.954011601194422,14819,-0.0004886265413338439,0.0043842637467416835,14819,0.0031383634226348823,0.018141748756764983,13892,0.1966698825704211,0.18101264642426942,14819,80.12902355084688,110.56889214439975,14819
extra10,mixed,3,0.6685206235479229,0.7651931412034944,14819,4.360552988524049,4.134907059491459,14819,-0.0007791963351000178,0.004140915221589187,14819,0.002225853388925178,0.013786319361089414,13892,0.18537637901903598,0.1763316567480176,14819,80.12902355084688,110.56889214439975,14819
extra10,mixed,4,0.5368803396511388,0.7139127089103491,14819,3.8849822141766315,3.336318641262611,14819,-0.0002675539414897995,0.0034259267247226375,14819,0.0030702400104623273,0.014873451328717693,13892,0.17216003624813997,0.147867473925508,14819,80.12902355084688,110.56889214439975,14819
extra10,near_duplicate,0,1.4190887145879003,0.9422250297312471,14611,3.5720716778325476,5.270897487788801,14611,0.0017574145385887494,0.05068290736029191,14611,0.011491546893803098,0.05549787058681272,13697,0.19487062979723224,0.46868339192899605,14611,80.70501676818836,109.75167497104925,14611
extra10,near_duplicate,1,1.1720236740945906,0.8537281203721493,14611,3.5128095016774803,3.178249834365051,14611,-0.0007966084809822704,0.006309954045131293,14611,0.0033573756119400157,0.023921944549756474,13697,0.17631692152392697,0.16102916164859152,14611,80.70501676818836,109.75167497104925,14611
extra10,near_duplicate,2,0.8998863952749541,0.7919203273902645,14611,4.161760267995277,3.795816777154623,14611,-0.0004476675204284884,0.004433839538733686,14611,0.002640500910162777,0.01991468802686061,13697,0.19625910593601156,0.18058745410719165,14611,80.70501676818836,109.75167497104925,14611
extra10,near_duplicate,3,0.6757746419027681,0.7250450467492442,14611,4.269520963265112,3.8390835836442427,14611,-0.0005398799667728044,0.003913757398394422,14611,0.0018875763900351636,0.015819424594474562,13697,0.191146052625989,0.1728445310438061,14611,80.70501676818836,109.75167497104925,14611
extra10,near_duplicate,4,0.5427163679274228,0.6831858680292572,14611,3.7774091941347665,3.3632402603310108,14611,-0.0004160411375473734,0.0037068176936339743,14611,0.001961609118923823,0.0133462371175341,13697,0.1733848183368029,0.15477174806222327,14611,80.70501676818836,109.75167497104925,14611
extra10,template,0,1.263114900142481,0.9482542298634532,14611,3.443125311014995,5.154904343889818,14611,0.0009642393817422948,0.04959172874629242,14611,0.011045857039939353,0.055269561520550965,13697,0.18730945101350396,0.4016552048400963,14611,73.41140236807884,105.25449815219649,14611
extra10,template,1,1.0320704452234888,0.8411937955198369,14611,3.3563613668477426,3.644720924861915,14611,-0.0010921003089940915,0.007000324655076457,14611,0.0036509596236608886,0.029759053608918104,13697,0.1714181584227078,0.1886738182721933,14611,73.41140236807884,105.25449815219649,14611
extra10,template,2,0.7861517529504897,0.761600673417009,14611,3.979420856701592,5.420603481571747,14611,-0.0006654875044243778,0.004753544111846756,14611,0.0028357552284136657,0.02503442454661416,13697,0.17563255028268906,0.23417405785367393,14611,73.41140236807884,105.25449815219649,14611
extra10,template,3,0.5804643087443464,0.685444280862769,14611,3.967452763065765,9.512678609836993,14611,-0.0006295258237272041,0.004261597848253624,14611,0.0019848161449168935,0.01764019467687252,13697,0.14952710089991156,0.24648659722006583,14611,73.41140236807884,105.25449815219649,14611
extra10,template,4,0.46104125578012517,0.6343499756850424,14611,3.427415407771441,3.2077530968809542,14611,-0.0004791755717166879,0.0036739690433272012,14611,0.0025347525771566848,0.016293918606059582,13697,0.14253933205351102,0.13377087883598693,14611,73.41140236807884,105.25449815219649,14611
extra10,truncation,0,1.443470687480221,0.9704919717576735,14611,3.803912110975489,4.75317188410413,14611,0.001074017129886911,0.0496651205598757,14611,0.013340564324773112,0.05640949945704774,13697,0.21833319918454397,0.40625738084711455,14611,76.6179590719321,105.6864330875895,14611
extra10,truncation,1,1.164021162737917,0.8266372961173029,14611,3.7858062593666535,3.5691236578203256,14611,-0.0009682640601062266,0.006520244130473283,14611,0.005030553755950603,0.031124178043114268,13697,0.18920376399101643,0.17909772042490235,14611,76.6179590719321,105.6864330875895,14611
extra10,truncation,2,0.8766110280201457,0.7614921344963903,14611,4.3914649147325555,3.7568199736450993,14611,-0.0006517180673478377,0.004879423568376784,14611,0.0031922481564189194,0.021700528515198724,13697,0.20101071182498942,0.17182491585652943,14611,76.6179590719321,105.6864330875895,14611
extra10,truncation,3,0.6497282386925813,0.6979151586704277,14611,4.37984189428325,3.7736679157511,14611,-0.0007769359267417621,0.00444263520842974,14611,0.002017717330531376,0.016208492937606463,13697,0.19276235447358542,0.16632816127538685,14611,76.6179590719321,105.6864330875895,14611
extra10,truncation,4,0.5164205280891718,0.6547982082167212,14611,3.850455871357137,3.444944913908753,14611,-0.0006180132399093029,0.004082112363342031,14611,0.0025893472948390365,0.014071464433169256,13697,0.17214672792671384,0.1534898450464329,14611,76.6179590719321,105.6864330875895,14611
