max_epoch,dataset,scorer,n,n_noise,auc,p_at_10,random_p
0,duplicate,memo_signed,16072,1461,0.5869144186463547,0.13939016801493467,0.09090343454454952
0,duplicate,low_loss_only,16072,1461,0.5870466640910894,0.14125700062227753,0.09090343454454952
0,garbled,memo_signed,14611,1461,0.023077791918135138,0.0,0.0999931558414893
0,garbled,low_loss_only,14611,1461,0.017206507340406976,0.002053388090349076,0.0999931558414893
0,keyword,memo_signed,14611,1461,0.3229692668441585,0.05065023956194387,0.0999931558414893
0,keyword,low_loss_only,14611,1461,0.31781648592166933,0.05475701574264202,0.0999931558414893
0,mixed,memo_signed,14819,1400,0.35384864744019673,0.1214574898785425,0.0944733112895607
0,mixed,low_loss_only,14819,1400,0.35985769112026655,0.12280701754385964,0.0944733112895607
0,near_duplicate,memo_signed,14611,1461,0.339659798617021,0.057494866529774126,0.0999931558414893
0,near_duplicate,low_loss_only,14611,1461,0.34304734243694746,0.06297056810403832,0.0999931558414893
0,template,memo_signed,14611,1461,0.9120382154001503,0.6235455167693361,0.0999931558414893
0,template,low_loss_only,14611,1461,0.931466858212121,0.6009582477754962,0.0999931558414893
0,truncation,memo_signed,14611,1461,0.270561649789326,0.0054757015742642025,0.0999931558414893
0,truncation,low_loss_only,14611,1461,0.31578844637377906,0.0054757015742642025,0.0999931558414893
0,unrelated,memo_signed,14611,1461,0.24115583107564745,0.004791238877481177,0.0999931558414893
0,unrelated,low_loss_only,14611,1461,0.22930226445244287,0.002053388090349076,0.0999931558414893
1,duplicate,memo_signed,16072,1461,0.512741963372181,0.12570006222775357,0.09090343454454952
1,duplicate,low_loss_only,16072,1461,0.6287689073392286,0.15743621655258244,0.09090343454454952
1,garbled,memo_signed,14611,1461,0.030750957076641605,0.0006844626967830253,0.0999931558414893
1,garbled,low_loss_only,14611,1461,0.019890069565353174,0.0013689253935660506,0.0999931558414893
1,keyword,memo_signed,14611,1461,0.3162605434581762,0.05065023956194387,0.0999931558414893
1,keyword,low_loss_only,14611,1461,0.3346838328870012,0.057494866529774126,0.0999931558414893
1,mixed,memo_signed,14819,1400,0.34332013243482057,0.1194331983805668,0.0944733112895607
1,mixed,low_loss_only,14819,1400,0.3761336271597841,0.1194331983805668,0.0944733112895607
1,near_duplicate,memo_signed,14611,1461,0.34045929268717967,0.0568104038329911,0.0999931558414893
1,near_duplicate,low_loss_only,14611,1461,0.3501225526554811,0.06776180698151951,0.0999931558414893
1,template,memo_signed,14611,1461,0.9131165434373559,0.6153319644079398,0.0999931558414893
1,template,low_loss_only,14611,1461,0.934026072042952,0.5626283367556468,0.0999931558414893
1,truncation,memo_signed,14611,1461,0.25371350941982024,0.006160164271047228,0.0999931558414893
1,truncation,low_loss_only,14611,1461,0.36046475797867494,0.006160164271047228,0.0999931558414893
1,unrelated,memo_signed,14611,1461,0.22817935525175473,0.004106776180698152,0.0999931558414893
1,unrelated,low_loss_only,14611,1461,0.25395861473078235,0.002053388090349076,0.0999931558414893
2,duplicate,memo_signed,16072,1461,0.5803086111178647,0.15121344119477287,0.09090343454454952
2,duplicate,low_loss_only,16072,1461,0.6525643272433439,0.16677037958929683,0.09090343454454952
2,garbled,memo_signed,14611,1461,0.02296499871175272,0.0006844626967830253,0.0999931558414893
2,garbled,low_loss_only,14611,1461,0.025978612492615367,0.0027378507871321013,0.0999931558414893
2,keyword,memo_signed,14611,1461,0.320996556866358,0.053388090349075976,0.0999931558414893
2,keyword,low_loss_only,14611,1461,0.3505816891914752,0.06023271731690623,0.0999931558414893
2,mixed,memo_signed,14819,1400,0.35524155515101186,0.12280701754385964,0.0944733112895607
2,mixed,low_loss_only,14819,1400,0.39390682720662595,0.11740890688259109,0.0944733112895607
2,near_duplicate,memo_signed,14611,1461,0.3385240589939179,0.06023271731690623,0.0999931558414893
2,near_duplicate,low_loss_only,14611,1461,0.3612401527158595,0.06844626967830253,0.0999931558414893
2,template,memo_signed,14611,1461,0.9199206231473313,0.5770020533880903,0.0999931558414893
2,template,low_loss_only,14611,1461,0.935181226463462,0.5386721423682409,0.0999931558414893
2,truncation,memo_signed,14611,1461,0.2789848611425582,0.006160164271047228,0.0999931558414893
2,truncation,low_loss_only,14611,1461,0.4044125722524548,0.007529089664613279,0.0999931558414893
2,unrelated,memo_signed,14611,1461,0.23484279479391948,0.0034223134839151265,0.0999931558414893
2,unrelated,low_loss_only,14611,1461,0.29292681974687895,0.0013689253935660506,0.0999931558414893
3,duplicate,memo_signed,16072,1461,0.6312982478626293,0.16365899191039204,0.09090343454454952
3,duplicate,low_loss_only,16072,1461,0.6616715084052215,0.1717485998755445,0.09090343454454952
3,garbled,memo_signed,14611,1461,0.01889528241243172,0.0013689253935660506,0.0999931558414893
3,garbled,low_loss_only,14611,1461,0.03403190168721355,0.0027378507871321013,0.0999931558414893
3,keyword,memo_signed,14611,1461,0.3240535286264161,0.05270362765229295,0.0999931558414893
3,keyword,low_loss_only,14611,1461,0.364755532306379,0.06023271731690623,0.0999931558414893
3,mixed,memo_signed,14819,1400,0.3663977515888985,0.12685560053981107,0.0944733112895607
3,mixed,low_loss_only,14819,1400,0.40958603472687977,0.1126855600539811,0.0944733112895607
3,near_duplicate,memo_signed,14611,1461,0.33778416262625477,0.06297056810403832,0.0999931558414893
3,near_duplicate,low_loss_only,14611,1461,0.3724564143003256,0.06844626967830253,0.0999931558414893
3,template,memo_signed,14611,1461,0.922976970302647,0.5537303216974675,0.0999931558414893
3,template,low_loss_only,14611,1461,0.9350767092699152,0.5277207392197125,0.0999931558414893
3,truncation,memo_signed,14611,1461,0.31150147172492404,0.004791238877481177,0.0999931558414893
3,truncation,low_loss_only,14611,1461,0.43516774541110703,0.00889801505817933,0.0999931558414893
3,unrelated,memo_signed,14611,1461,0.24906769934650727,0.0027378507871321013,0.0999931558414893
3,unrelated,low_loss_only,14611,1461,0.32697933339058877,0.0013689253935660506,0.0999931558414893
4,duplicate,memo_signed,16072,1461,0.6535121565325104,0.16925948973242066,0.09090343454454952
4,duplicate,low_loss_only,16072,1461,0.6612449781982399,0.1717485998755445,0.09090343454454952
4,garbled,memo_signed,14611,1461,0.017096524855364968,0.0013689253935660506,0.0999931558414893
4,garbled,low_loss_only,14611,1461,0.04297337882537873,0.0027378507871321013,0.0999931558414893
4,keyword,memo_signed,14611,1461,0.32960860705334905,0.05612594113620808,0.0999931558414893
4,keyword,low_loss_only,14611,1461,0.37582290373539656,0.06023271731690623,0.0999931558414893
4,mixed,memo_signed,14819,1400,0.37974843771624456,0.1282051282051282,0.0944733112895607
4,mixed,low_loss_only,14819,1400,0.4214673224532379,0.1126855600539811,0.0944733112895607
4,near_duplicate,memo_signed,14611,1461,0.3459112592812361,0.06570841889117043,0.0999931558414893
4,near_duplicate,low_loss_only,14611,1461,0.3820064386338853,0.07118412046543464,0.0999931558414893
4,template,memo_signed,14611,1461,0.9248183050829811,0.5311430527036276,0.0999931558414893
4,template,low_loss_only,14611,1461,0.9346640537368279,0.5160848733744011,0.0999931558414893
4,truncation,memo_signed,14611,1461,0.352481528616006,0.007529089664613279,0.0999931558414893
4,truncation,low_loss_only,14611,1461,0.45485861811405803,0.00889801505817933,0.0999931558414893
4,unrelated,memo_signed,14611,1461,0.27377867651460147,0.002053388090349076,0.0999931558414893
4,unrelated,low_loss_only,14611,1461,0.34885408452463673,0.0013689253935660506,0.0999931558414893
