dataset,feature,importance,importance_std,n,n_noise,rank
duplicate,text_nn_sim,0.15469725360040604,0.02618972374203449,995,89,1
duplicate,cos_global_last,0.009242927656967338,0.0018788016099895721,995,89,2
duplicate,cos_ref_std,0.004102861714171468,0.0031656424537269117,995,89,3
duplicate,cos_global_slope,0.002872572034905505,0.0017763728528499094,995,89,4
duplicate,cos_ref_mean,0.0021400714982125722,0.0008013246696536467,995,89,5
duplicate,cos_ref_slope,0.002082474723846216,0.001149643838789394,995,89,6
duplicate,cos_ref_last,0.001089544189966708,0.0010557975892182777,995,89,7
duplicate,loss_mean,0.00038484256147567556,0.0004638086557434059,995,89,8
duplicate,update_contrib_mean,0.0003758616352051814,0.0008153532379349595,995,89,9
duplicate,cos_global_std,0.0003583729851198447,0.0006703107195100633,995,89,10
duplicate,cos_global_mean,0.00030053216923547676,0.00039506268710409574,995,89,11
duplicate,loss_rank,0.0002609994273952953,0.00032273903029294746,995,89,12
duplicate,loss_std,0.00024388477589650905,0.00019600648219672963,995,89,13
duplicate,grad_norm_mean,0.00023465484791454494,0.000540305717458652,995,89,14
duplicate,user_loss,0.00019959024833906213,0.0002310540819359991,995,89,15
duplicate,hard_pos_std_mean,0.00012578455379888553,0.0006005052230789481,995,89,16
duplicate,token_loss_skew,0.00011652188854011204,0.0003995211775754633,995,89,17
duplicate,frac_hard,0.0001047384529672768,0.0005296995370746578,995,89,18
duplicate,converge_epoch,8.594229588708037e-05,5.2359490820239586e-05,995,89,19
duplicate,grad_norm_last,8.1766805036243e-05,0.0005364425322732224,995,89,20
duplicate,n_hard,-3.6159810290431477e-05,0.00030580736662245473,995,89,21
duplicate,token_loss_kurt,-0.0001048574976101535,0.0004138719444041182,995,89,22
duplicate,max_token_loss,-0.00015338703833987945,0.0005733253995025989,995,89,23
duplicate,entropy,-0.00017443313917150263,0.0005913131479677262,995,89,24
duplicate,loss_slope,-0.00019109244491106846,0.00045709982340325176,995,89,25
duplicate,hard_loss_max,-0.00020354352252301977,0.0007851992447479035,995,89,26
duplicate,hard_id_uniq,-0.0002512218940557998,0.00021232351660010728,995,89,27
duplicate,hard_pos_jaccard,-0.00025619498401426526,0.0006233583244683028,995,89,28
duplicate,grad_norm_cv,-0.0002607008237492192,0.0007293096616907943,995,89,29
duplicate,hard_loss_mean,-0.0002619755934672841,0.0004740300450102393,995,89,30
duplicate,loss_curvature,-0.00031921424186615147,0.00029350603039612243,995,89,31
duplicate,loss_min,-0.00033139945310888485,0.0002987419280299068,995,89,32
duplicate,grad_norm_slope,-0.00036023305766559653,0.0005675970441283353,995,89,33
duplicate,loss_last,-0.0004430137262441202,0.0006642350775399297,995,89,34
duplicate,hard_pos_peak,-0.0004878667715846652,0.00041463621533491306,995,89,35
duplicate,grad_norm_std,-0.0005222210714573205,0.0002780535634031078,995,89,36
garbled,user_loss,0.015211698251049668,0.014881490584219443,904,85,1
garbled,entropy,0.003294520336939212,0.004205019588018874,904,85,2
garbled,loss_curvature,0.0017685127320418129,0.0030291410209913184,904,85,3
garbled,loss_mean,0.001239107568809361,0.0026621905822482874,904,85,4
garbled,loss_std,0.0001883070301291434,0.0004181354209696533,904,85,5
garbled,grad_norm_slope,0.00012015781922528057,0.00018408360717869424,904,85,6
garbled,grad_norm_std,0.00011649400146116706,0.0002570800142352954,904,85,7
garbled,grad_norm_cv,9.666757620304444e-05,0.00019711374479565598,904,85,8
garbled,hard_pos_peak,6.986559400062764e-05,0.00012242979358445495,904,85,9
garbled,cos_ref_mean,6.276901004308e-05,0.00012553802008606008,904,85,10
garbled,converge_epoch,6.243893637063682e-05,0.000291989765906647,904,85,11
garbled,frac_hard,6.094260238886592e-05,0.0006775536658197427,904,85,12
garbled,cos_ref_std,6.0931599933155e-05,0.00012026019637484948,904,85,13
garbled,hard_id_uniq,5.5595408895308114e-05,7.092439000464475e-05,904,85,14
garbled,grad_norm_last,5.188758130817984e-05,0.00017075351721336184,904,85,15
garbled,update_contrib_mean,4.8399802836024395e-05,0.0006133243046382984,904,85,16
garbled,grad_norm_mean,4.477999489488681e-05,0.0002660228166373408,904,85,17
garbled,loss_slope,3.23142125322673e-05,0.00019237000719668035,904,85,18
garbled,cos_global_std,3.220418797478918e-05,6.970214716171244e-05,904,85,19
garbled,hard_loss_mean,3.199514131555837e-05,0.00024183200910747675,904,85,20
garbled,token_loss_kurt,2.3292198818810617e-05,0.0003055975402313307,904,85,21
garbled,cos_ref_slope,2.1476793620365255e-05,5.159176446693524e-05,904,85,22
garbled,cos_global_mean,1.4347202295572626e-05,7.028664972121284e-05,904,85,23
garbled,hard_pos_std_mean,1.0716391898680786e-05,9.047839498097943e-05,904,85,24
garbled,hard_loss_max,1.0595364885475079e-05,8.466942376602386e-05,904,85,25
garbled,hard_pos_jaccard,-3.7298324985624004e-06,6.84335447633374e-05,904,85,26
garbled,cos_global_slope,-7.173601147738572e-06,4.621269270701691e-05,904,85,27
garbled,max_token_loss,-1.2553802008566929e-05,6.150081850598066e-05,904,85,28
garbled,cos_ref_last,-1.2696833933297793e-05,6.0692146866520845e-05,904,85,29
garbled,token_loss_skew,-1.6173609949694518e-05,0.00038774053378651577,904,85,30
garbled,n_hard,-2.3644277402687934e-05,0.0001368937216886475,904,85,31
garbled,text_nn_sim,-2.6912006759858274e-05,7.93947330930581e-05,904,85,32
garbled,cos_global_last,-2.8848438971548204e-05,4.922240479053692e-05,904,85,33
garbled,loss_min,-3.9696860339223366e-05,0.0001575727200913956,904,85,34
garbled,loss_last,-0.00011860647296473626,0.0002889320378947915,904,85,35
garbled,loss_rank,-0.0001509096830412526,0.00045836970573029314,904,85,36
keyword,loss_slope,0.020136561869498158,0.019807470893642196,906,87,1
keyword,hard_loss_max,0.008035716905346584,0.012572999139511444,906,87,2
keyword,cos_global_slope,0.007275741223218791,0.004567987537660311,906,87,3
keyword,hard_pos_jaccard,0.006916438304585134,0.005033702693625574,906,87,4
keyword,entropy,0.005997986917346604,0.005958874632552353,906,87,5
keyword,max_token_loss,0.005082446290901006,0.00590031449027733,906,87,6
keyword,frac_hard,0.004326682104334558,0.007404545670800908,906,87,7
keyword,token_loss_kurt,0.0027142813831602707,0.003146383016934326,906,87,8
keyword,cos_global_last,0.002453201054475359,0.005225554041520953,906,87,9
keyword,hard_pos_std_mean,0.00190248352321126,0.008115194240937238,906,87,10
keyword,cos_ref_slope,0.001104156336583209,0.007616388286647524,906,87,11
keyword,cos_global_std,0.0010254404894283454,0.011602722802111939,906,87,12
keyword,grad_norm_last,0.0008984782625704142,0.010539899244119952,906,87,13
keyword,update_contrib_mean,-0.00010751905380836994,0.028839107321223145,906,87,14
keyword,loss_curvature,-0.00024337859988128146,0.0074609364397442285,906,87,15
keyword,loss_last,-0.0006847604496434762,0.011677529620346109,906,87,16
keyword,converge_epoch,-0.0006861003042545737,0.004826135541319599,906,87,17
keyword,loss_min,-0.0009527142569332739,0.010576023163964972,906,87,18
keyword,token_loss_skew,-0.001948962786271688,0.011923394784686207,906,87,19
keyword,grad_norm_slope,-0.0026065214978205527,0.012346057231218916,906,87,20
keyword,grad_norm_cv,-0.002913091479796071,0.010823522608567025,906,87,21
keyword,cos_ref_std,-0.003724972469410737,0.009064207193069525,906,87,22
keyword,loss_mean,-0.003960725756211013,0.005296816238406154,906,87,23
keyword,loss_rank,-0.004195666083781013,0.008344033773061598,906,87,24
keyword,hard_loss_mean,-0.004447238456956922,0.007826395060784015,906,87,25
keyword,cos_ref_mean,-0.00481294969481634,0.004398225815730385,906,87,26
keyword,cos_ref_last,-0.005208093724297056,0.0064805306947128185,906,87,27
keyword,grad_norm_mean,-0.005392120187892613,0.012157587666696366,906,87,28
keyword,hard_id_uniq,-0.005595105105237285,0.02109861570034739,906,87,29
keyword,n_hard,-0.006378034966293365,0.0052434457160579154,906,87,30
keyword,cos_global_mean,-0.00688499022981931,0.004569399720885687,906,87,31
keyword,text_nn_sim,-0.007642624222615385,0.00994515162667083,906,87,32
keyword,loss_std,-0.00794929933916806,0.015785618726856018,906,87,33
keyword,grad_norm_std,-0.008472055962890922,0.005425373514028102,906,87,34
keyword,user_loss,-0.008529651984989731,0.006251365743727902,906,87,35
keyword,hard_pos_peak,-0.01108035191232462,0.01205378653773364,906,87,36
near_duplicate,hard_loss_max,0.02432178662277421,0.016878462327631096,906,87,1
near_duplicate,max_token_loss,0.023879692058378556,0.018660169650568388,906,87,2
near_duplicate,token_loss_skew,0.013014658816292235,0.010484773426738137,906,87,3
near_duplicate,grad_norm_mean,0.012212126857825783,0.007726749581842221,906,87,4
near_duplicate,hard_pos_peak,0.011226976138851964,0.010377137531745833,906,87,5
near_duplicate,loss_slope,0.010335007662599182,0.010738018517167986,906,87,6
near_duplicate,loss_std,0.009569432952990665,0.013720926788037918,906,87,7
near_duplicate,update_contrib_mean,0.009386759180204592,0.00927157023800645,906,87,8
near_duplicate,grad_norm_slope,0.008831002524207852,0.009357075539216374,906,87,9
near_duplicate,loss_curvature,0.008601711957664512,0.006076146218831766,906,87,10
near_duplicate,loss_rank,0.007167862755855993,0.006822093630381153,906,87,11
near_duplicate,hard_pos_std_mean,0.0066212204119515065,0.016769403757493438,906,87,12
near_duplicate,cos_ref_mean,0.005877161004558441,0.0065299176689633176,906,87,13
near_duplicate,grad_norm_cv,0.005719702415356883,0.011117994811036326,906,87,14
near_duplicate,entropy,0.005501093399602336,0.012312796236752473,906,87,15
near_duplicate,cos_global_last,0.005209287490745713,0.013276222846909875,906,87,16
near_duplicate,hard_pos_jaccard,0.004429900420440511,0.0105760669661998,906,87,17
near_duplicate,grad_norm_std,0.0043622206476485546,0.00698661605317107,906,87,18
near_duplicate,text_nn_sim,0.00430354944112415,0.005443970378054234,906,87,19
near_duplicate,token_loss_kurt,0.004133140961507051,0.010426994539426917,906,87,20
near_duplicate,loss_mean,0.0032111351698143574,0.006593276874730889,906,87,21
near_duplicate,cos_ref_last,0.0025142188403118335,0.00860627955082442,906,87,22
near_duplicate,loss_min,0.0023946936622920977,0.008010284103643853,906,87,23
near_duplicate,hard_id_uniq,0.0021991677986971194,0.0070364826304846065,906,87,24
near_duplicate,hard_loss_mean,-0.00010620976157434177,0.009602456720374165,906,87,25
near_duplicate,n_hard,-0.00027989758425191137,0.00784663139706951,906,87,26
near_duplicate,cos_global_std,-0.00028655834871231696,0.0035257935963503026,906,87,27
near_duplicate,frac_hard,-0.0007413307983675288,0.014371910400862907,906,87,28
near_duplicate,cos_global_mean,-0.000929233793871672,0.0037607619649460806,906,87,29
near_duplicate,converge_epoch,-0.002095712929792588,0.005286544759255856,906,87,30
near_duplicate,cos_ref_slope,-0.0024542138916517128,0.00836416489529936,906,87,31
near_duplicate,cos_global_slope,-0.002468759138150743,0.005081922988858191,906,87,32
near_duplicate,user_loss,-0.002643060653360053,0.007967944800751916,906,87,33
near_duplicate,loss_last,-0.004377433376462951,0.00814914841302228,906,87,34
near_duplicate,cos_ref_std,-0.005547191244196803,0.01752219243208352,906,87,35
near_duplicate,grad_norm_last,-0.006551980124185938,0.017705506088757116,906,87,36
template,hard_id_uniq,0.0019191375737286232,0.0018022805849011731,906,87,1
template,n_hard,0.001201140539012694,0.0011897540737775757,906,87,2
template,hard_pos_std_mean,0.001094916718744894,0.00072023081308056,906,87,3
template,loss_mean,0.0006474175035867513,0.0013135772613585936,906,87,4
template,entropy,0.0004902957117805995,0.00036064415434312766,906,87,5
template,hard_loss_mean,0.00046628407460540976,0.000499486932346669,906,87,6
template,loss_curvature,0.0002670173760560801,0.00032269825276677995,906,87,7
template,loss_min,0.0002584489080184649,0.0002522747883169649,906,87,8
template,hard_loss_max,0.00023672883787656087,0.0003136451505214252,906,87,9
template,max_token_loss,0.0002223816355810082,0.00024137062590332022,906,87,10
template,loss_rank,0.00022158456878682123,0.0003639935572372627,906,87,11
template,update_contrib_mean,0.00017027339391039286,0.00022952729963666597,906,87,12
template,grad_norm_cv,0.00016319942611190297,0.0002159093069693958,906,87,13
template,grad_norm_mean,0.00013091822094690066,0.00023380327815969456,906,87,14
template,grad_norm_last,0.00011956001912957314,0.00013228817715446142,906,87,15
template,loss_slope,0.00010800255061372278,0.00023196783503966445,906,87,16
template,cos_ref_last,0.00010232344970507068,9.21215787876654e-05,906,87,17
template,text_nn_sim,8.428981348635012e-05,0.00014320276024157677,906,87,18
template,loss_last,8.428981348634235e-05,0.0001362984218077265,906,87,19
template,hard_pos_peak,8.070301291247529e-05,0.00013324372755389938,906,87,20
template,cos_global_slope,6.456241032997801e-05,0.00015781922525106174,906,87,21
template,token_loss_skew,5.3802008608301305e-05,0.0002643669119303108,906,87,22
template,loss_std,2.71002710027035e-05,0.00024742024070435216,906,87,23
template,grad_norm_slope,1.9727403156357683e-05,3.986031343413307e-05,906,87,24
template,cos_ref_std,1.6140602582481733e-05,2.801380801979189e-05,906,87,25
template,frac_hard,1.4347202295518227e-05,0.00011150854775253219,906,87,26
template,cos_global_mean,1.2553802008610231e-05,0.00017930415710111727,906,87,27
template,cos_global_last,8.967001434687649e-06,2.2684918652589737e-05,906,87,28
template,token_loss_kurt,1.594133588375125e-06,0.0001685419363861194,906,87,29
template,converge_epoch,-5.551115123125783e-18,1.1102230246251568e-17,906,87,30
template,user_loss,-3.3306690738754695e-17,5.0267485386043066e-17,906,87,31
template,cos_ref_mean,-7.970667942203138e-07,0.00012110006333260961,906,87,32
template,cos_global_std,-3.5868005739136953e-06,1.3420578862154955e-05,906,87,33
template,cos_ref_slope,-1.2553802008629101e-05,2.5107604017172157e-05,906,87,34
template,hard_pos_jaccard,-2.6901004304187288e-05,5.380200860828299e-05,906,87,35
template,grad_norm_std,-3.5868005738890485e-05,9.773620224847764e-05,906,87,36
truncation,loss_slope,0.02920915203829051,0.009310896528939565,905,86,1
truncation,loss_std,0.028090835541159452,0.01633687718770437,905,86,2
truncation,hard_pos_std_mean,0.024390995736915156,0.008087272950444027,905,86,3
truncation,loss_curvature,0.01281328636996222,0.015291679696882011,905,86,4
truncation,frac_hard,0.01280676924867409,0.01777827882249387,905,86,5
truncation,token_loss_skew,0.011753935700670615,0.012062041880968821,905,86,6
truncation,hard_id_uniq,0.007339455833208641,0.005479159831985933,905,86,7
truncation,hard_loss_max,0.006685111672480851,0.0121722071956683,905,86,8
truncation,grad_norm_slope,0.006231636901356386,0.004725361290993286,905,86,9
truncation,entropy,0.005528117875909894,0.007517838260029791,905,86,10
truncation,n_hard,0.004709586513043057,0.006852796236815443,905,86,11
truncation,hard_pos_peak,0.0037842958770619843,0.00901012659590265,905,86,12
truncation,max_token_loss,0.0030859810131843675,0.010989409469398179,905,86,13
truncation,hard_pos_jaccard,0.0030161508715412003,0.006307678440445847,905,86,14
truncation,token_loss_kurt,0.0029970273809558747,0.007293020254313468,905,86,15
truncation,grad_norm_mean,0.002896310901037564,0.004958370898978071,905,86,16
truncation,cos_global_last,0.002721236157688176,0.00903380666248815,905,86,17
truncation,loss_last,0.002708886512358448,0.003290695337173202,905,86,18
truncation,loss_mean,0.002677165209941534,0.008341935672119683,905,86,19
truncation,grad_norm_cv,0.002133151230465741,0.008321780549623051,905,86,20
truncation,loss_rank,0.0019453124159534443,0.007175128611421613,905,86,21
truncation,loss_min,0.0017230432499200465,0.0048915410065440415,905,86,22
truncation,cos_global_mean,0.001598412321185645,0.007587892787013374,905,86,23
truncation,converge_epoch,0.0007098429925114857,0.0022285259483764475,905,86,24
truncation,cos_global_slope,0.0005723171856402753,0.0036650353089926558,905,86,25
truncation,grad_norm_last,-0.00010869326033570515,0.006532587516626512,905,86,26
truncation,cos_ref_mean,-0.000997949631246574,0.005217551197596134,905,86,27
truncation,cos_ref_last,-0.001177671078406909,0.0036277031418745502,905,86,28
truncation,hard_loss_mean,-0.0020081792256031452,0.009285510516160413,905,86,29
truncation,grad_norm_std,-0.002404993794614955,0.00938905461883086,905,86,30
truncation,cos_ref_std,-0.0027575674890635525,0.003816036096084776,905,86,31
truncation,text_nn_sim,-0.002886726539585858,0.004451307306847101,905,86,32
truncation,cos_global_std,-0.0031661497957455194,0.005271123404894001,905,86,33
truncation,cos_ref_slope,-0.0033398993544247963,0.0073221558521986965,905,86,34
truncation,user_loss,-0.003498051098338488,0.0038395846011992723,905,86,35
truncation,update_contrib_mean,-0.0060557039664586405,0.006403977433558699,905,86,36
unrelated,text_nn_sim,0.08417208720986523,0.02830038967510017,904,85,1
unrelated,loss_slope,0.010242318085396641,0.0052067875187289,904,85,2
unrelated,loss_std,0.00996027013229351,0.0034550164657827496,904,85,3
unrelated,token_loss_skew,0.00937026344280043,0.0030797335902191104,904,85,4
unrelated,hard_loss_max,0.007764532043552101,0.005244623387099801,904,85,5
unrelated,frac_hard,0.00740653413841968,0.0031375647073096456,904,85,6
unrelated,loss_curvature,0.006497984350106928,0.0021717593429279535,904,85,7
unrelated,loss_mean,0.006299984156463716,0.006628080172306073,904,85,8
unrelated,token_loss_kurt,0.00609186170353221,0.002274630557556168,904,85,9
unrelated,grad_norm_cv,0.005620109408419951,0.007601728324502177,904,85,10
unrelated,max_token_loss,0.004889062238691673,0.0041977148938437,904,85,11
unrelated,update_contrib_mean,0.0039289439402874545,0.00411616703874288,904,85,12
unrelated,converge_epoch,0.002693016081189304,0.0038122066460798847,904,85,13
unrelated,grad_norm_mean,0.0026225343496668295,0.0026308279120071123,904,85,14
unrelated,hard_loss_mean,0.002448750561125229,0.002562744155591998,904,85,15
unrelated,hard_id_uniq,0.002355295702000666,0.0013204438141396124,904,85,16
unrelated,hard_pos_std_mean,0.0017713953754477838,0.0022158081178271804,904,85,17
unrelated,cos_ref_last,0.0015448878189611814,0.0008421076034283997,904,85,18
unrelated,loss_rank,0.0015288132311131674,0.0017631889138400275,904,85,19
unrelated,cos_global_mean,0.001513937910941716,0.004141788851952255,904,85,20
unrelated,grad_norm_last,0.001070318895177389,0.0007287964416447742,904,85,21
unrelated,entropy,0.0008882722623689375,0.00636714792242829,904,85,22
unrelated,grad_norm_slope,0.00046661414827787963,0.0022327074747400333,904,85,23
unrelated,hard_pos_peak,0.0004273683886243207,0.0021933421619098337,904,85,24
unrelated,cos_global_std,0.00020181804578780824,0.0014696218870313496,904,85,25
unrelated,loss_min,8.355264895122607e-05,0.0025663969182591864,904,85,26
unrelated,user_loss,-1.5887546100296096e-05,0.0012974468047981893,904,85,27
unrelated,n_hard,-4.6738432018035304e-05,0.0005360345951351187,904,85,28
unrelated,loss_last,-0.00020017867988137436,0.002494146978298331,904,85,29
unrelated,grad_norm_std,-0.00031695874519194206,0.0016889417661486114,904,85,30
unrelated,cos_ref_mean,-0.0006087658765436621,0.0019229132681729184,904,85,31
unrelated,hard_pos_jaccard,-0.0006487047909093443,0.005667877904789239,904,85,32
unrelated,cos_global_slope,-0.0006831644823124772,0.0019275614995250593,904,85,33
unrelated,cos_ref_slope,-0.0009228309758738307,0.0016723199366502565,904,85,34
unrelated,cos_ref_std,-0.0019550703717069883,0.0011479385798774076,904,85,35
unrelated,cos_global_last,-0.0022690914612141597,0.0021436272859164,904,85,36
