dataset,route,dropped,n,n_noise,auc,full_auc,delta
duplicate,rf,(none),16072,1461,0.9837548440222834,0.9837548440222834,0.0
duplicate,iforest,(none),16072,1461,0.5277548428979862,0.5277548428979862,0.0
duplicate,rf,text_nn_sim,16072,1461,0.9349049085920703,0.9837548440222834,-0.0488499354302131
duplicate,iforest,text_nn_sim,16072,1461,0.4357954455755654,0.5277548428979862,-0.09195939732242087
duplicate,rf,loss_mean,16072,1461,0.9832111292669475,0.9837548440222834,-0.0005437147553358779
duplicate,iforest,loss_mean,16072,1461,0.5445865540345846,0.5277548428979862,0.016831711136598315
duplicate,rf,loss_last,16072,1461,0.9834025876915423,0.9837548440222834,-0.0003522563307410964
duplicate,iforest,loss_last,16072,1461,0.5557502151037976,0.5277548428979862,0.027995372205811386
duplicate,rf,loss_std,16072,1461,0.9836113556066893,0.9837548440222834,-0.0001434884155940841
duplicate,iforest,loss_std,16072,1461,0.5237857931103168,0.5277548428979862,-0.003969049787669432
duplicate,rf,loss_slope,16072,1461,0.9833082638506022,0.9837548440222834,-0.000446580171681199
duplicate,iforest,loss_slope,16072,1461,0.533439054735982,0.5277548428979862,0.005684211837995723
duplicate,rf,loss_min,16072,1461,0.983671692883635,0.9837548440222834,-8.31511386484296e-05
duplicate,iforest,loss_min,16072,1461,0.5404133037886797,0.5277548428979862,0.012658460890693446
duplicate,rf,converge_epoch,16072,1461,0.9836446863307163,0.9837548440222834,-0.000110157691567081
duplicate,iforest,converge_epoch,16072,1461,0.5567673292008857,0.5277548428979862,0.029012486302899432
duplicate,rf,loss_curvature,16072,1461,0.9837794614438945,0.9837548440222834,2.4617421611083934e-05
duplicate,iforest,loss_curvature,16072,1461,0.5258017514768462,0.5277548428979862,-0.0019530914211400852
duplicate,rf,loss_rank,16072,1461,0.9830128547912694,0.9837548440222834,-0.0007419892310139842
duplicate,iforest,loss_rank,16072,1461,0.5249522513369884,0.5277548428979862,-0.0028025915609978247
duplicate,rf,grad_norm_mean,16072,1461,0.9829913760323565,0.9837548440222834,-0.0007634679899268804
duplicate,iforest,grad_norm_mean,16072,1461,0.5213399784912598,0.5277548428979862,-0.00641486440672645
duplicate,rf,grad_norm_last,16072,1461,0.9835784230712132,0.9837548440222834,-0.00017642095107017752
duplicate,iforest,grad_norm_last,16072,1461,0.5422511547585102,0.5277548428979862,0.014496311860523914
duplicate,rf,grad_norm_std,16072,1461,0.9835993631044392,0.9837548440222834,-0.00015548091784423068
duplicate,iforest,grad_norm_std,16072,1461,0.531115413733598,0.5277548428979862,0.003360570835611809
duplicate,rf,grad_norm_slope,16072,1461,0.9834200142963743,0.9837548440222834,-0.00033482972590914706
duplicate,iforest,grad_norm_slope,16072,1461,0.5522745911997238,0.5277548428979862,0.02451974830173753
duplicate,rf,cos_ref_mean,16072,1461,0.9817664543572158,0.9837548440222834,-0.001988389665067647
duplicate,iforest,cos_ref_mean,16072,1461,0.5607503390107057,0.5277548428979862,0.03299549611271946
duplicate,rf,cos_ref_last,16072,1461,0.9831769084743939,0.9837548440222834,-0.0005779355478895409
duplicate,iforest,cos_ref_last,16072,1461,0.5211994413555163,0.5277548428979862,-0.006555401542469919
duplicate,rf,cos_ref_std,16072,1461,0.9836470286163121,0.9837548440222834,-0.00010781540597126771
duplicate,iforest,cos_ref_std,16072,1461,0.5481145982902907,0.5277548428979862,0.0203597553923045
duplicate,rf,cos_ref_slope,16072,1461,0.983988533856169,0.9837548440222834,0.0002336898338856086
duplicate,iforest,cos_ref_slope,16072,1461,0.5202704440425394,0.5277548428979862,-0.007484398855446828
duplicate,rf,grad_norm_cv,16072,1461,0.9831368085449951,0.9837548440222834,-0.0006180354772883367
duplicate,iforest,grad_norm_cv,16072,1461,0.4897857375513025,0.5277548428979862,-0.03796910534668374
duplicate,rf,cos_ref_trend,16072,1461,0.9841794769779325,0.9837548440222834,0.00042463295564909576
duplicate,iforest,cos_ref_trend,16072,1461,0.5327433959140514,0.5277548428979862,0.004988553016065156
duplicate,rf,update_contrib_mean,16072,1461,0.9829748394960507,0.9837548440222834,-0.0007800045262327249
duplicate,iforest,update_contrib_mean,16072,1461,0.5378532324782632,0.5277548428979862,0.010098389580276979
garbled,rf,(none),14611,1461,0.9957252832192129,0.9957252832192129,0.0
garbled,iforest,(none),14611,1461,0.931732211126813,0.931732211126813,0.0
garbled,rf,text_nn_sim,14611,1461,0.9952020205963414,0.9957252832192129,-0.0005232626228715009
garbled,iforest,text_nn_sim,14611,1461,0.939273949037458,0.931732211126813,0.007541737910644941
garbled,rf,loss_mean,14611,1461,0.995490614012487,0.9957252832192129,-0.00023466920672599034
garbled,iforest,loss_mean,14611,1461,0.9141347532681143,0.931732211126813,-0.017597457858698706
garbled,rf,loss_last,14611,1461,0.9955047977451769,0.9957252832192129,-0.00022048547403608065
garbled,iforest,loss_last,14611,1461,0.905438901944863,0.931732211126813,-0.026293309181950053
garbled,rf,loss_std,14611,1461,0.9947074117160233,0.9957252832192129,-0.0010178715031896601
garbled,iforest,loss_std,14611,1461,0.923628693300854,0.931732211126813,-0.008103517825959083
garbled,rf,loss_slope,14611,1461,0.9953417238570385,0.9957252832192129,-0.0003835593621744904
garbled,iforest,loss_slope,14611,1461,0.9296332268902752,0.931732211126813,-0.002098984236537871
garbled,rf,loss_min,14611,1461,0.9961797872700349,0.9957252832192129,0.00045450405082192447
garbled,iforest,loss_min,14611,1461,0.9119512391897835,0.931732211126813,-0.019780971937029546
garbled,rf,converge_epoch,14611,1461,0.9959959973246096,0.9957252832192129,0.0002707141053966966
garbled,iforest,converge_epoch,14611,1461,0.9194303084246166,0.931732211126813,-0.012301902702196443
garbled,rf,loss_curvature,14611,1461,0.9954949862456831,0.9957252832192129,-0.00023029697352983103
garbled,iforest,loss_curvature,14611,1461,0.9239404231176626,0.931732211126813,-0.00779178800915048
garbled,rf,loss_rank,14611,1461,0.9952227887040233,0.9957252832192129,-0.0005024945151896887
garbled,iforest,loss_rank,14611,1461,0.9290258508287724,0.931732211126813,-0.002706360298040611
garbled,rf,grad_norm_mean,14611,1461,0.9954752070955099,0.9957252832192129,-0.0002500761237030913
garbled,iforest,grad_norm_mean,14611,1461,0.9330872390648626,0.931732211126813,0.0013550279380495356
garbled,rf,grad_norm_last,14611,1461,0.995166261974844,0.9957252832192129,-0.0005590212443689069
garbled,iforest,grad_norm_last,14611,1461,0.9324392116447145,0.931732211126813,0.0007070005179015126
garbled,rf,grad_norm_std,14611,1461,0.9952969084667775,0.9957252832192129,-0.0004283747524354009
garbled,iforest,grad_norm_std,14611,1461,0.9353602798229247,0.931732211126813,0.0036280686961116526
garbled,rf,grad_norm_slope,14611,1461,0.9953443263767981,0.9957252832192129,-0.00038095684241479244
garbled,iforest,grad_norm_slope,14611,1461,0.9278173447531901,0.931732211126813,-0.003914866373622927
garbled,rf,cos_ref_mean,14611,1461,0.9954175612828341,0.9957252832192129,-0.00030772193637884637
garbled,iforest,cos_ref_mean,14611,1461,0.932709040893393,0.931732211126813,0.0009768297665799786
garbled,rf,cos_ref_last,14611,1461,0.9957282761169365,0.9957252832192129,2.99289772354161e-06
garbled,iforest,cos_ref_last,14611,1461,0.9304906009998881,0.931732211126813,-0.0012416101269249191
garbled,rf,cos_ref_std,14611,1461,0.9949914767477872,0.9957252832192129,-0.0007338064714257353
garbled,iforest,cos_ref_std,14611,1461,0.925936920126066,0.931732211126813,-0.005795291000747049
garbled,rf,cos_ref_slope,14611,1461,0.9958395858870558,0.9957252832192129,0.00011430266784284715
garbled,iforest,cos_ref_slope,14611,1461,0.931420377209214,0.931732211126813,-0.0003118339175990359
garbled,rf,grad_norm_cv,14611,1461,0.9961867620229907,0.9957252832192129,0.0004614788037777817
garbled,iforest,grad_norm_cv,14611,1461,0.9354197213742346,0.931732211126813,0.0036875102474215327
garbled,rf,cos_ref_trend,14611,1461,0.9956991799460237,0.9957252832192129,-2.6103273189193033e-05
garbled,iforest,cos_ref_trend,14611,1461,0.9323445319758591,0.931732211126813,0.0006123208490460552
garbled,rf,update_contrib_mean,14611,1461,0.9950808212511353,0.9957252832192129,-0.0006444619680776587
garbled,iforest,update_contrib_mean,14611,1461,0.926823234255406,0.931732211126813,-0.0049089768714070114
keyword,rf,(none),14611,1461,0.6721462720205704,0.6721462720205704,0.0
keyword,iforest,(none),14611,1461,0.5885553152562311,0.5885553152562311,0.0
keyword,rf,text_nn_sim,14611,1461,0.6701697363387232,0.6721462720205704,-0.0019765356818471913
keyword,iforest,text_nn_sim,14611,1461,0.5930434126321104,0.5885553152562311,0.004488097375879296
keyword,rf,loss_mean,14611,1461,0.6757258817987577,0.6721462720205704,0.003579609778187276
keyword,iforest,loss_mean,14611,1461,0.591309041413897,0.5885553152562311,0.0027537261576658922
keyword,rf,loss_last,14611,1461,0.6752157879258698,0.6721462720205704,0.003069515905299358
keyword,iforest,loss_last,14611,1461,0.5841211941401665,0.5885553152562311,-0.00443412111606456
keyword,rf,loss_std,14611,1461,0.6776820397508869,0.6721462720205704,0.005535767730316499
keyword,iforest,loss_std,14611,1461,0.5878108384537909,0.5885553152562311,-0.0007444768024401638
keyword,rf,loss_slope,14611,1461,0.6708678622642442,0.6721462720205704,-0.0012784097563262042
keyword,iforest,loss_slope,14611,1461,0.5864708010295567,0.5885553152562311,-0.0020845142266743277
keyword,rf,loss_min,14611,1461,0.6764258034629127,0.6721462720205704,0.004279531442342277
keyword,iforest,loss_min,14611,1461,0.5838135242541829,0.5885553152562311,-0.00474179100204819
keyword,rf,converge_epoch,14611,1461,0.6734149483529953,0.6721462720205704,0.0012686763324248895
keyword,iforest,converge_epoch,14611,1461,0.5746695710787185,0.5885553152562311,-0.013885744177512538
keyword,rf,loss_curvature,14611,1461,0.6749436164094076,0.6721462720205704,0.002797344388837164
keyword,iforest,loss_curvature,14611,1461,0.593471839434941,0.5885553152562311,0.004916524178709913
keyword,rf,loss_rank,14611,1461,0.676946958044779,0.6721462720205704,0.004800686024208578
keyword,iforest,loss_rank,14611,1461,0.5898858795085402,0.5885553152562311,0.001330564252309152
keyword,rf,grad_norm_mean,14611,1461,0.6757839440145947,0.6721462720205704,0.0036376719940243163
keyword,iforest,grad_norm_mean,14611,1461,0.5854282316138485,0.5885553152562311,-0.0031270836423825665
keyword,rf,grad_norm_last,14611,1461,0.6748189296877237,0.6721462720205704,0.0026726576671532998
keyword,iforest,grad_norm_last,14611,1461,0.5786889025954929,0.5885553152562311,-0.009866412660738177
keyword,rf,grad_norm_std,14611,1461,0.6756540522533919,0.6721462720205704,0.0035077802328215
keyword,iforest,grad_norm_std,14611,1461,0.5832038059248965,0.5885553152562311,-0.005351509331334547
keyword,rf,grad_norm_slope,14611,1461,0.6772491366140697,0.6721462720205704,0.00510286459349929
keyword,iforest,grad_norm_slope,14611,1461,0.5821296939697015,0.5885553152562311,-0.00642562128652957
keyword,rf,cos_ref_mean,14611,1461,0.6766533157402997,0.6721462720205704,0.00450704371972932
keyword,iforest,cos_ref_mean,14611,1461,0.5903855112519942,0.5885553152562311,0.001830195995763173
keyword,rf,cos_ref_last,14611,1461,0.6685146378723881,0.6721462720205704,-0.00363163414818235
keyword,iforest,cos_ref_last,14611,1461,0.5840765349010912,0.5885553152562311,-0.004478780355139822
keyword,rf,cos_ref_std,14611,1461,0.6770457496948544,0.6721462720205704,0.004899477674284003
keyword,iforest,cos_ref_std,14611,1461,0.5895642080662498,0.5885553152562311,0.0010088928100187022
keyword,rf,cos_ref_slope,14611,1461,0.6749995966094373,0.6721462720205704,0.00285332458886689
keyword,iforest,cos_ref_slope,14611,1461,0.5901529500862736,0.5885553152562311,0.0015976348300424936
keyword,rf,grad_norm_cv,14611,1461,0.6773431656529851,0.6721462720205704,0.005196893632414712
keyword,iforest,grad_norm_cv,14611,1461,0.5901135479371127,0.5885553152562311,0.0015582326808816216
keyword,rf,cos_ref_trend,14611,1461,0.6759175573790543,0.6721462720205704,0.0037712853584839223
keyword,iforest,cos_ref_trend,14611,1461,0.5900625906002192,0.5885553152562311,0.0015072753439880904
keyword,rf,update_contrib_mean,14611,1461,0.673497109901807,0.6721462720205704,0.0013508378812365773
keyword,iforest,update_contrib_mean,14611,1461,0.5870755225209048,0.5885553152562311,-0.0014797927353262796
mixed,rf,(none),14819,1400,0.8374086849137149,0.8374086849137149,0.0
mixed,iforest,(none),14819,1400,0.7060117849956884,0.7060117849956884,0.0
mixed,rf,text_nn_sim,14819,1400,0.7779251700680272,0.8374086849137149,-0.0594835148456877
mixed,iforest,text_nn_sim,14819,1400,0.650220795673512,0.7060117849956884,-0.05579098932217641
mixed,rf,loss_mean,14819,1400,0.834111840354295,0.8374086849137149,-0.0032968445594199203
mixed,iforest,loss_mean,14819,1400,0.7053534966412229,0.7060117849956884,-0.0006582883544654639
mixed,rf,loss_last,14819,1400,0.8348649569373915,0.8374086849137149,-0.0025437279763234066
mixed,iforest,loss_last,14819,1400,0.7102430455750376,0.7060117849956884,0.004231260579349194
mixed,rf,loss_std,14819,1400,0.8361591240565084,0.8374086849137149,-0.0012495608572065109
mixed,iforest,loss_std,14819,1400,0.7064801507457443,0.7060117849956884,0.0004683657500559324
mixed,rf,loss_slope,14819,1400,0.8362880989641552,0.8374086849137149,-0.0011205859495596604
mixed,iforest,loss_slope,14819,1400,0.702316757688991,0.7060117849956884,-0.0036950273066973516
mixed,rf,loss_min,14819,1400,0.8372965837352154,0.8374086849137149,-0.00011210117849946855
mixed,iforest,loss_min,14819,1400,0.7088888356594594,0.7060117849956884,0.0028770506637709747
mixed,rf,converge_epoch,14819,1400,0.8346280327467449,0.8374086849137149,-0.002780652166969988
mixed,iforest,converge_epoch,14819,1400,0.7122695964144656,0.7060117849956884,0.006257811418777237
mixed,rf,loss_curvature,14819,1400,0.8354444657362162,0.8374086849137149,-0.0019642191774986717
mixed,iforest,loss_curvature,14819,1400,0.7061854726241044,0.7060117849956884,0.00017368762841596386
mixed,rf,loss_rank,14819,1400,0.8355230856035684,0.8374086849137149,-0.0018855993101465351
mixed,iforest,loss_rank,14819,1400,0.7098067239415329,0.7060117849956884,0.0037949389458444838
mixed,rf,grad_norm_mean,14819,1400,0.8324846965390226,0.8374086849137149,-0.004923988374692323
mixed,iforest,grad_norm_mean,14819,1400,0.7105966486751196,0.7060117849956884,0.004584863679431228
mixed,rf,grad_norm_last,14819,1400,0.8357509607912023,0.8374086849137149,-0.0016577241225126382
mixed,iforest,grad_norm_last,14819,1400,0.7114475211054688,0.7060117849956884,0.005435736109780431
mixed,rf,grad_norm_std,14819,1400,0.8371278464437417,0.8374086849137149,-0.00028083846997317696
mixed,iforest,grad_norm_std,14819,1400,0.7093635889410538,0.7060117849956884,0.0033518039453653836
mixed,rf,grad_norm_slope,14819,1400,0.8336073318216175,0.8374086849137149,-0.0038013530920973926
mixed,iforest,grad_norm_slope,14819,1400,0.712082601428678,0.7060117849956884,0.0060708164329895675
mixed,rf,cos_ref_mean,14819,1400,0.8334292793799836,0.8374086849137149,-0.003979405533731328
mixed,iforest,cos_ref_mean,14819,1400,0.7125159422141314,0.7060117849956884,0.006504157218442996
mixed,rf,cos_ref_last,14819,1400,0.8324446147786188,0.8374086849137149,-0.004964070135096144
mixed,iforest,cos_ref_last,14819,1400,0.7003966124791074,0.7060117849956884,-0.005615172516580946
mixed,rf,cos_ref_std,14819,1400,0.8367118052228716,0.8374086849137149,-0.0006968796908433106
mixed,iforest,cos_ref_std,14819,1400,0.7114088233102318,0.7060117849956884,0.005397038314543412
mixed,rf,cos_ref_slope,14819,1400,0.8377065301864095,0.8374086849137149,0.0002978452726946079
mixed,iforest,cos_ref_slope,14819,1400,0.7135581744434862,0.7060117849956884,0.007546389447797841
mixed,rf,grad_norm_cv,14819,1400,0.8346229227215143,0.8374086849137149,-0.0027857621922006137
mixed,iforest,grad_norm_cv,14819,1400,0.7086537212694155,0.7060117849956884,0.002641936273727108
mixed,rf,cos_ref_trend,14819,1400,0.8379079503475882,0.8374086849137149,0.0004992654338733526
mixed,iforest,cos_ref_trend,14819,1400,0.7141681304759775,0.7060117849956884,0.008156345480289096
mixed,rf,update_contrib_mean,14819,1400,0.8338532251711327,0.8374086849137149,-0.003555459742582201
mixed,iforest,update_contrib_mean,14819,1400,0.7079661567287321,0.7060117849956884,0.0019543717330436916
near_duplicate,rf,(none),14611,1461,0.6947310165702433,0.6947310165702433,0.0
near_duplicate,iforest,(none),14611,1461,0.6142740921760448,0.6142740921760448,0.0
near_duplicate,rf,text_nn_sim,14611,1461,0.6830218897936982,0.6947310165702433,-0.01170912677654512
near_duplicate,iforest,text_nn_sim,14611,1461,0.6077453590566386,0.6142740921760448,-0.00652873311940616
near_duplicate,rf,loss_mean,14611,1461,0.6972136382445483,0.6947310165702433,0.002482621674305019
near_duplicate,iforest,loss_mean,14611,1461,0.6096204224930578,0.6142740921760448,-0.004653669682986972
near_duplicate,rf,loss_last,14611,1461,0.696212266716635,0.6947310165702433,0.001481250146391777
near_duplicate,iforest,loss_last,14611,1461,0.6083476341794124,0.6142740921760448,-0.005926457996632384
near_duplicate,rf,loss_std,14611,1461,0.6929583102359703,0.6947310165702433,-0.0017727063342729554
near_duplicate,iforest,loss_std,14611,1461,0.6056841113566155,0.6142740921760448,-0.0085899808194293
near_duplicate,rf,loss_slope,14611,1461,0.697779634241873,0.6947310165702433,0.003048617671629672
near_duplicate,iforest,loss_slope,14611,1461,0.6030213692897464,0.6142740921760448,-0.011252722886298416
near_duplicate,rf,loss_min,14611,1461,0.6962594243746795,0.6947310165702433,0.0015284078044361937
near_duplicate,iforest,loss_min,14611,1461,0.5998633677126194,0.6142740921760448,-0.014410724463425395
near_duplicate,rf,converge_epoch,14611,1461,0.701224329395721,0.6947310165702433,0.006493312825477715
near_duplicate,iforest,converge_epoch,14611,1461,0.593383249662323,0.6142740921760448,-0.020890842513721752
near_duplicate,rf,loss_curvature,14611,1461,0.6996744768284653,0.6947310165702433,0.00494346025822201
near_duplicate,iforest,loss_curvature,14611,1461,0.6090752987042055,0.6142740921760448,-0.005198793471839269
near_duplicate,rf,loss_rank,14611,1461,0.7003184182925909,0.6947310165702433,0.005587401722347618
near_duplicate,iforest,loss_rank,14611,1461,0.6085208578946135,0.6142740921760448,-0.005753234281431263
near_duplicate,rf,grad_norm_mean,14611,1461,0.6995134849561345,0.6947310165702433,0.0047824683858912476
near_duplicate,iforest,grad_norm_mean,14611,1461,0.6125882839765461,0.6142740921760448,-0.0016858081994987062
near_duplicate,rf,grad_norm_last,14611,1461,0.6963021837743304,0.6947310165702433,0.0015711672040871205
near_duplicate,iforest,grad_norm_last,14611,1461,0.6063712286235534,0.6142740921760448,-0.007902863552491368
near_duplicate,rf,grad_norm_std,14611,1461,0.7024111044313104,0.6947310165702433,0.007680087861067109
near_duplicate,iforest,grad_norm_std,14611,1461,0.6103227905257871,0.6142740921760448,-0.003951301650257699
near_duplicate,rf,grad_norm_slope,14611,1461,0.695120743904248,0.6947310165702433,0.00038972733400477466
near_duplicate,iforest,grad_norm_slope,14611,1461,0.6056082739308197,0.6142740921760448,-0.008665818245225054
near_duplicate,rf,cos_ref_mean,14611,1461,0.7006512024942549,0.6947310165702433,0.005920185924011667
near_duplicate,iforest,cos_ref_mean,14611,1461,0.6105536340284664,0.6142740921760448,-0.003720458147578376
near_duplicate,rf,cos_ref_last,14611,1461,0.6981104145033221,0.6947310165702433,0.0033793979330788426
near_duplicate,iforest,cos_ref_last,14611,1461,0.6060272796121206,0.6142740921760448,-0.008246812563924233
near_duplicate,rf,cos_ref_std,14611,1461,0.6960781328482236,0.6947310165702433,0.0013471162779803425
near_duplicate,iforest,cos_ref_std,14611,1461,0.6068617515478486,0.6142740921760448,-0.007412340628196179
near_duplicate,rf,cos_ref_slope,14611,1461,0.6974919777328408,0.6947310165702433,0.0027609611625974972
near_duplicate,iforest,cos_ref_slope,14611,1461,0.6017747102744877,0.6142740921760448,-0.012499381901557083
near_duplicate,rf,grad_norm_cv,14611,1461,0.7016588200695912,0.6947310165702433,0.006927803499347962
near_duplicate,iforest,grad_norm_cv,14611,1461,0.6007750824348134,0.6142740921760448,-0.013499009741231416
near_duplicate,rf,cos_ref_trend,14611,1461,0.6963892640854875,0.6947310165702433,0.0016582475152442377
near_duplicate,iforest,cos_ref_trend,14611,1461,0.6074913010777034,0.6142740921760448,-0.006782791098341345
near_duplicate,rf,update_contrib_mean,14611,1461,0.6963042657901379,0.6947310165702433,0.0015732492198946568
near_duplicate,iforest,update_contrib_mean,14611,1461,0.6018410224779631,0.6142740921760448,-0.012433069698081667
template,rf,(none),14611,1461,0.9945900641000616,0.9945900641000616,0.0
template,iforest,(none),14611,1461,0.5368478280671346,0.5368478280671346,0.0
template,rf,text_nn_sim,14611,1461,0.9932174691536345,0.9945900641000616,-0.0013725949464270526
template,iforest,text_nn_sim,14611,1461,0.45853285551070544,0.5368478280671346,-0.07831497255642916
template,rf,loss_mean,14611,1461,0.9943100069487278,0.9945900641000616,-0.00028005715133372355
template,iforest,loss_mean,14611,1461,0.5292288473700237,0.5368478280671346,-0.0076189806971108665
template,rf,loss_last,14611,1461,0.9940057723888269,0.9945900641000616,-0.0005842917112346413
template,iforest,loss_last,14611,1461,0.5712651629307495,0.5368478280671346,0.03441733486361487
template,rf,loss_std,14611,1461,0.9946113006613002,0.9945900641000616,2.12365612386467e-05
template,iforest,loss_std,14611,1461,0.5236021475993057,0.5368478280671346,-0.013245680467828924
template,rf,loss_slope,14611,1461,0.9940262802445329,0.9945900641000616,-0.0005637838555286878
template,iforest,loss_slope,14611,1461,0.5005468414518937,0.5368478280671346,-0.03630098661524095
template,rf,loss_min,14611,1461,0.9943762150514127,0.9945900641000616,-0.0002138490486488509
template,iforest,loss_min,14611,1461,0.5541461002542662,0.5368478280671346,0.017298272187131647
template,rf,converge_epoch,14611,1461,0.9946458360985106,0.9945900641000616,5.5771998449083426e-05
template,iforest,converge_epoch,14611,1461,0.5892094325726168,0.5368478280671346,0.05236160450548222
template,rf,loss_curvature,14611,1461,0.99453486465596,0.9945900641000616,-5.519944410159461e-05
template,iforest,loss_curvature,14611,1461,0.5162547658643099,0.5368478280671346,-0.020593062202824752
template,rf,loss_rank,14611,1461,0.9940319277124112,0.9945900641000616,-0.0005581363876503431
template,iforest,loss_rank,14611,1461,0.5121323225146586,0.5368478280671346,-0.024715505552476036
template,rf,grad_norm_mean,14611,1461,0.9943654666448054,0.9945900641000616,-0.00022459745525615915
template,iforest,grad_norm_mean,14611,1461,0.5215765023695942,0.5368478280671346,-0.015271325697540417
template,rf,grad_norm_last,14611,1461,0.9941942468698194,0.9945900641000616,-0.0003958172302421792
template,iforest,grad_norm_last,14611,1461,0.5338846511192136,0.5368478280671346,-0.0029631769479210313
template,rf,grad_norm_std,14611,1461,0.993963793745104,0.9945900641000616,-0.0006262703549575477
template,iforest,grad_norm_std,14611,1461,0.5468473335883803,0.5368478280671346,0.009999505521245733
template,rf,grad_norm_slope,14611,1461,0.994345323141866,0.9945900641000616,-0.0002447409581955995
template,iforest,grad_norm_slope,14611,1461,0.5540957675221149,0.5368478280671346,0.017247939454980266
template,rf,cos_ref_mean,14611,1461,0.9939881793552516,0.9945900641000616,-0.0006018847448099329
template,iforest,cos_ref_mean,14611,1461,0.5317311701189091,0.5368478280671346,-0.005116657948225467
template,rf,cos_ref_last,14611,1461,0.9935068173005104,0.9945900641000616,-0.0010832467995511852
template,iforest,cos_ref_last,14611,1461,0.5255954174832073,0.5368478280671346,-0.011252410583927341
template,rf,cos_ref_std,14611,1461,0.9943361882975096,0.9945900641000616,-0.00025387580255198383
template,iforest,cos_ref_std,14611,1461,0.5398298993085106,0.5368478280671346,0.00298207124137595
template,rf,cos_ref_slope,14611,1461,0.9945675002537456,0.9945900641000616,-2.256384631593722e-05
template,iforest,cos_ref_slope,14611,1461,0.538523798741942,0.5368478280671346,0.0016759706748074032
template,rf,grad_norm_cv,14611,1461,0.9940041328013783,0.9945900641000616,-0.0005859312986832288
template,iforest,grad_norm_cv,14611,1461,0.5175967812035613,0.5368478280671346,-0.019251046863573262
template,rf,cos_ref_trend,14611,1461,0.994047985259328,0.9945900641000616,-0.0005420788407335397
template,iforest,cos_ref_trend,14611,1461,0.5509355277779947,0.5368478280671346,0.014087699710860102
template,rf,update_contrib_mean,14611,1461,0.9942259715856893,0.9945900641000616,-0.00036409251437230505
template,iforest,update_contrib_mean,14611,1461,0.5547707049965777,0.5368478280671346,0.017922876929443055
truncation,rf,(none),14611,1461,0.7841542461411137,0.7841542461411137,0.0
truncation,iforest,(none),14611,1461,0.5798389560772739,0.5798389560772739,0.0
truncation,rf,text_nn_sim,14611,1461,0.7791954830667053,0.7841542461411137,-0.0049587630744084565
truncation,iforest,text_nn_sim,14611,1461,0.5843369430282399,0.5798389560772739,0.0044979869509660375
truncation,rf,loss_mean,14611,1461,0.7850116462759242,0.7841542461411137,0.0008574001348105043
truncation,iforest,loss_mean,14611,1461,0.589201364761362,0.5798389560772739,0.009362408684088108
truncation,rf,loss_last,14611,1461,0.7871229924813204,0.7841542461411137,0.0029687463402067182
truncation,iforest,loss_last,14611,1461,0.5862671798835632,0.5798389560772739,0.006428223806289379
truncation,rf,loss_std,14611,1461,0.7863500701379075,0.7841542461411137,0.0021958239967937443
truncation,iforest,loss_std,14611,1461,0.5637164502671487,0.5798389560772739,-0.0161225058101252
truncation,rf,loss_slope,14611,1461,0.7857599227572137,0.7841542461411137,0.0016056766161000047
truncation,iforest,loss_slope,14611,1461,0.5701443097206715,0.5798389560772739,-0.009694646356602332
truncation,rf,loss_min,14611,1461,0.7837351103338251,0.7841542461411137,-0.00041913580728858424
truncation,iforest,loss_min,14611,1461,0.5831713264782963,0.5798389560772739,0.003332370401022411
truncation,rf,converge_epoch,14611,1461,0.785978820694196,0.7841542461411137,0.00182457455308227
truncation,iforest,converge_epoch,14611,1461,0.5744934845917817,0.5798389560772739,-0.005345471485492137
truncation,rf,loss_curvature,14611,1461,0.7848924248457357,0.7841542461411137,0.0007381787046220056
truncation,iforest,loss_curvature,14611,1461,0.574654320312927,0.5798389560772739,-0.005184635764346912
truncation,rf,loss_rank,14611,1461,0.7857820962255655,0.7841542461411137,0.0016278500844517652
truncation,iforest,loss_rank,14611,1461,0.5761954284137902,0.5798389560772739,-0.0036435276634836367
truncation,rf,grad_norm_mean,14611,1461,0.7868418682968851,0.7841542461411137,0.002687622155771341
truncation,iforest,grad_norm_mean,14611,1461,0.5773317926416356,0.5798389560772739,-0.002507163435638282
truncation,rf,grad_norm_last,14611,1461,0.785132221016388,0.7841542461411137,0.00097797487527429
truncation,iforest,grad_norm_last,14611,1461,0.5763288856270641,0.5798389560772739,-0.00351007045020979
truncation,rf,grad_norm_std,14611,1461,0.7881907022379068,0.7841542461411137,0.00403645609679304
truncation,iforest,grad_norm_std,14611,1461,0.5707095770124635,0.5798389560772739,-0.009129379064810372
truncation,rf,grad_norm_slope,14611,1461,0.7848168476719158,0.7841542461411137,0.0006626015308021094
truncation,iforest,grad_norm_slope,14611,1461,0.5661502226455655,0.5798389560772739,-0.0136887334317084
truncation,rf,cos_ref_mean,14611,1461,0.7842639163237847,0.7841542461411137,0.00010967018267094009
truncation,iforest,cos_ref_mean,14611,1461,0.5788327178374102,0.5798389560772739,-0.0010062382398636771
truncation,rf,cos_ref_last,14611,1461,0.7850028757843345,0.7841542461411137,0.0008486296432207441
truncation,iforest,cos_ref_last,14611,1461,0.5763745858740432,0.5798389560772739,-0.003464370203230649
truncation,rf,cos_ref_std,14611,1461,0.7875858506205707,0.7841542461411137,0.0034316044794570066
truncation,iforest,cos_ref_std,14611,1461,0.5729588827903176,0.5798389560772739,-0.006880073286956279
truncation,rf,cos_ref_slope,14611,1461,0.7877322163318525,0.7841542461411137,0.0035779701907387995
truncation,iforest,cos_ref_slope,14611,1461,0.5713127369919556,0.5798389560772739,-0.008526219085318254
truncation,rf,grad_norm_cv,14611,1461,0.7877952493604309,0.7841542461411137,0.0036410032193171515
truncation,iforest,grad_norm_cv,14611,1461,0.563566857431365,0.5798389560772739,-0.01627209864590884
truncation,rf,cos_ref_trend,14611,1461,0.7866108426178224,0.7841542461411137,0.0024565964767087056
truncation,iforest,cos_ref_trend,14611,1461,0.5726686497867235,0.5798389560772739,-0.007170306290550377
truncation,rf,update_contrib_mean,14611,1461,0.7852836095908058,0.7841542461411137,0.0011293634496920557
truncation,iforest,update_contrib_mean,14611,1461,0.572596351787801,0.5798389560772739,-0.007242604289472876
unrelated,rf,(none),14611,1461,0.944705381750611,0.944705381750611,0.0
unrelated,iforest,(none),14611,1461,0.6411432869304061,0.6411432869304061,0.0
unrelated,rf,text_nn_sim,14611,1461,0.8579587396517308,0.944705381750611,-0.08674664209888028
unrelated,iforest,text_nn_sim,14611,1461,0.5707265974916914,0.6411432869304061,-0.07041668943871471
unrelated,rf,loss_mean,14611,1461,0.9417155810255491,0.944705381750611,-0.002989800725061942
unrelated,iforest,loss_mean,14611,1461,0.667885738972473,0.6411432869304061,0.026742452042066933
unrelated,rf,loss_last,14611,1461,0.9436752003289585,0.944705381750611,-0.001030181421652565
unrelated,iforest,loss_last,14611,1461,0.6531557373849362,0.6411432869304061,0.012012450454530033
unrelated,rf,loss_std,14611,1461,0.9423954112371598,0.944705381750611,-0.002309970513451276
unrelated,iforest,loss_std,14611,1461,0.636765276140359,0.6411432869304061,-0.004378010790047071
unrelated,rf,loss_slope,14611,1461,0.9431351514536374,0.944705381750611,-0.0015702302969736737
unrelated,iforest,loss_slope,14611,1461,0.6423796920178118,0.6411432869304061,0.0012364050874056343
unrelated,rf,loss_min,14611,1461,0.9438904026878823,0.944705381750611,-0.0008149790627287601
unrelated,iforest,loss_min,14611,1461,0.6493188425033116,0.6411432869304061,0.008175555572905502
unrelated,rf,converge_epoch,14611,1461,0.9432953365448428,0.944705381750611,-0.0014100452057682622
unrelated,iforest,converge_epoch,14611,1461,0.635422011591623,0.6411432869304061,-0.005721275338783083
unrelated,rf,loss_curvature,14611,1461,0.9431627121378919,0.944705381750611,-0.0015426696127190942
unrelated,iforest,loss_curvature,14611,1461,0.6551371397787338,0.6411432869304061,0.01399385284832766
unrelated,rf,loss_rank,14611,1461,0.9437119739331622,0.944705381750611,-0.0009934078174488326
unrelated,iforest,loss_rank,14611,1461,0.658968048864911,0.6411432869304061,0.017824761934504885
unrelated,rf,grad_norm_mean,14611,1461,0.9425267083590333,0.944705381750611,-0.0021786733915777345
unrelated,iforest,grad_norm_mean,14611,1461,0.6503097258765936,0.6411432869304061,0.009166438946187516
unrelated,rf,grad_norm_last,14611,1461,0.9440945963882231,0.944705381750611,-0.0006107853623879
unrelated,iforest,grad_norm_last,14611,1461,0.6445254695596276,0.6411432869304061,0.0033821826292215196
unrelated,rf,grad_norm_std,14611,1461,0.9435222762678825,0.944705381750611,-0.001183105482728486
unrelated,iforest,grad_norm_std,14611,1461,0.6409031784573824,0.6411432869304061,-0.00024010847302369243
unrelated,rf,grad_norm_slope,14611,1461,0.9429452716119746,0.944705381750611,-0.001760110138636417
unrelated,iforest,grad_norm_slope,14611,1461,0.6489623493466374,0.6411432869304061,0.007819062416231315
unrelated,rf,cos_ref_mean,14611,1461,0.9445580270818206,0.944705381750611,-0.0001473546687904559
unrelated,iforest,cos_ref_mean,14611,1461,0.6502077071020161,0.6411432869304061,0.009064420171610021
unrelated,rf,cos_ref_last,14611,1461,0.9424844434381368,0.944705381750611,-0.0022209383124742743
unrelated,iforest,cos_ref_last,14611,1461,0.6438734863094449,0.6411432869304061,0.0027301993790387336
unrelated,rf,cos_ref_std,14611,1461,0.9442999612224556,0.944705381750611,-0.000405420528155398
unrelated,iforest,cos_ref_std,14611,1461,0.6481574940857738,0.6411432869304061,0.007014207155367713
unrelated,rf,cos_ref_slope,14611,1461,0.9429311659548775,0.944705381750611,-0.001774215795733558
unrelated,iforest,cos_ref_slope,14611,1461,0.6251401326764574,0.6411432869304061,-0.016003154253948715
unrelated,rf,grad_norm_cv,14611,1461,0.9425362335813533,0.944705381750611,-0.0021691481692577286
unrelated,iforest,grad_norm_cv,14611,1461,0.626413025090893,0.6411432869304061,-0.014730261839513092
unrelated,rf,cos_ref_trend,14611,1461,0.9436495134589308,0.944705381750611,-0.0010558682916802509
unrelated,iforest,cos_ref_trend,14611,1461,0.6391792173182076,0.6411432869304061,-0.001964069612198527
unrelated,rf,update_contrib_mean,14611,1461,0.9434324633109777,0.944705381750611,-0.001272918439633286
unrelated,iforest,update_contrib_mean,14611,1461,0.6388245979757602,0.6411432869304061,-0.002318688954645931
